               epoch,      train/box_loss,      train/obj_loss,      train/cls_loss,   metrics/precision,      metrics/recall,     metrics/mAP_0.5,metrics/mAP_0.5:0.95,        val/box_loss,        val/obj_loss,        val/cls_loss,               x/lr0,               x/lr1,               x/lr2
                   0,            0.082219,            0.027986,            0.042984,            0.001034,             0.22727,           0.0026957,          0.00076207,            0.047198,            0.016645,            0.025941,              0.0955,              0.0005,              0.0005
                   1,            0.075839,            0.026548,            0.042408,           0.0017873,             0.41414,            0.009244,           0.0031831,            0.034926,            0.015425,            0.025287,            0.090093,           0.0010927,           0.0010927
                   2,            0.063135,             0.02978,            0.045288,           0.0029718,             0.65859,            0.018259,            0.005172,            0.031322,            0.014654,            0.025575,            0.084678,           0.0016776,           0.0016776
                   3,            0.060416,            0.029256,            0.044354,             0.01339,              0.5697,              0.0333,            0.013585,            0.027669,            0.013868,             0.02634,            0.079254,           0.0022545,           0.0022545
                   4,            0.055235,            0.027954,            0.045002,             0.04784,             0.27475,            0.067122,            0.028218,            0.024445,            0.012749,            0.026431,            0.073823,           0.0028234,           0.0028234
                   5,            0.049647,            0.026283,            0.043986,             0.44154,            0.087879,             0.11563,            0.050716,            0.022903,            0.011849,            0.025534,            0.068385,           0.0033845,           0.0033845
                   6,            0.039232,             0.02582,            0.039635,             0.29558,             0.29309,             0.12009,            0.057862,            0.025392,            0.011529,            0.025012,            0.062938,           0.0039376,           0.0039376
                   7,            0.036546,            0.022664,            0.038603,             0.20135,             0.39192,             0.17792,            0.089013,            0.024887,             0.01105,            0.025095,            0.057483,           0.0044829,           0.0044829
                   8,            0.043975,            0.022611,            0.044081,             0.16042,             0.45051,             0.20028,            0.089708,            0.028013,           0.0091466,            0.024683,             0.05202,           0.0050202,           0.0050202
                   9,            0.047021,             0.02055,            0.042335,            0.083374,             0.19493,             0.16284,            0.048174,            0.029111,           0.0067729,            0.024472,             0.04655,           0.0055495,           0.0055495
                  10,            0.056535,            0.018117,             0.04672,             0.16952,              0.2984,             0.22276,             0.12725,            0.018438,           0.0066157,            0.024307,            0.041071,            0.006071,            0.006071
                  11,             0.04606,            0.020067,            0.046116,             0.16057,             0.22179,              0.1656,             0.10983,            0.022589,           0.0061095,            0.024348,            0.035585,           0.0065845,           0.0065845
                  12,            0.037478,             0.02095,            0.044238,            0.093664,             0.31543,             0.17446,            0.084656,            0.029837,           0.0056254,            0.023602,             0.03009,           0.0070902,           0.0070902
                  13,            0.039787,            0.017226,            0.036407,            0.077228,             0.38586,             0.14162,            0.080995,            0.028906,           0.0054587,            0.022625,            0.024588,           0.0075879,           0.0075879
                  14,            0.049955,            0.017097,            0.045611,             0.20537,             0.42789,             0.16852,            0.075336,            0.026131,           0.0057349,            0.022119,            0.019078,           0.0080776,           0.0080776
                  15,            0.038155,            0.018875,            0.040533,             0.11044,             0.47172,             0.25546,             0.15588,            0.019406,           0.0062927,            0.021586,             0.01356,           0.0085595,           0.0085595
                  16,            0.032401,            0.017355,             0.03525,             0.22719,              0.4404,             0.29863,              0.1708,            0.026273,           0.0056822,            0.021954,            0.008944,            0.008944,            0.008944
                  17,            0.037914,            0.016205,            0.035335,             0.29381,             0.41818,             0.30655,              0.1619,            0.022712,           0.0052394,            0.022316,            0.008944,            0.008944,            0.008944
                  18,            0.035662,            0.015819,            0.035347,             0.24824,             0.38384,             0.25402,             0.14782,             0.03067,           0.0052548,             0.02287,            0.008878,            0.008878,            0.008878
                  19,            0.043699,            0.016695,             0.04095,             0.33879,             0.34389,             0.37711,             0.21488,            0.026176,           0.0053249,            0.022458,            0.008812,            0.008812,            0.008812
                  20,            0.031872,            0.017353,             0.03362,              0.3024,             0.44584,             0.41758,             0.15205,            0.021498,           0.0056346,            0.022046,            0.008746,            0.008746,            0.008746
                  21,            0.028931,            0.017292,            0.034399,             0.29545,             0.51825,             0.40919,             0.24848,              0.0248,           0.0056956,            0.020641,             0.00868,             0.00868,             0.00868
                  22,            0.038699,            0.017283,             0.03608,             0.34305,             0.43131,             0.39643,             0.18163,            0.021382,            0.005258,            0.019961,            0.008614,            0.008614,            0.008614
                  23,            0.048499,            0.016211,            0.040104,             0.34578,             0.52828,             0.47915,             0.29837,            0.016354,            0.005229,            0.018814,            0.008548,            0.008548,            0.008548
                  24,             0.03338,            0.016253,            0.042161,             0.23297,             0.52322,             0.32799,             0.17675,            0.023401,           0.0049535,            0.018473,            0.008482,            0.008482,            0.008482
                  25,            0.027313,            0.016484,            0.031498,             0.40893,             0.62148,             0.41137,             0.17362,            0.023047,           0.0049094,            0.018553,            0.008416,            0.008416,            0.008416
                  26,             0.03541,            0.013117,            0.031233,             0.42742,             0.59115,             0.48349,             0.28125,            0.024161,           0.0046815,            0.018487,             0.00835,             0.00835,             0.00835
                  27,            0.040218,            0.014585,             0.03314,             0.42019,             0.64002,             0.43401,              0.2584,            0.024108,           0.0047378,            0.018523,            0.008284,            0.008284,            0.008284
                  28,            0.035773,            0.016207,            0.034721,             0.42284,             0.58603,             0.49007,             0.29403,            0.018837,           0.0046933,            0.018592,            0.008218,            0.008218,            0.008218
                  29,            0.032689,            0.013747,             0.03145,             0.54081,              0.5755,             0.57151,             0.30729,            0.014691,           0.0047989,            0.018484,            0.008152,            0.008152,            0.008152
                  30,            0.041825,            0.015746,             0.04239,             0.59209,             0.63652,             0.62377,             0.40711,            0.013545,           0.0046003,            0.018249,            0.008086,            0.008086,            0.008086
                  31,            0.025236,            0.013383,            0.029009,             0.37905,             0.62705,             0.50636,             0.22249,             0.01778,           0.0047021,            0.018091,             0.00802,             0.00802,             0.00802
                  32,            0.028891,            0.016002,            0.027853,             0.56034,             0.62784,             0.63472,              0.3949,            0.015515,           0.0047112,            0.018404,            0.007954,            0.007954,            0.007954
                  33,            0.028956,             0.01453,            0.030986,             0.59147,             0.53579,             0.61502,             0.35552,            0.016239,           0.0048537,            0.018423,            0.007888,            0.007888,            0.007888
                  34,            0.031578,            0.014112,            0.034298,             0.54165,             0.47064,             0.57785,             0.34526,            0.014185,           0.0052116,            0.018308,            0.007822,            0.007822,            0.007822
                  35,            0.030833,            0.015164,            0.037159,             0.52047,             0.55803,             0.62764,             0.31553,             0.01467,           0.0048562,            0.017825,            0.007756,            0.007756,            0.007756
                  36,            0.026194,            0.015091,            0.029566,             0.49536,             0.59872,             0.62833,             0.33126,            0.015089,           0.0047733,            0.017265,             0.00769,             0.00769,             0.00769
                  37,            0.031465,            0.014523,            0.038482,              0.5239,             0.66307,             0.68259,             0.29906,            0.019927,           0.0045235,            0.016292,            0.007624,            0.007624,            0.007624
                  38,            0.025371,            0.014866,            0.023841,             0.51266,             0.78191,             0.70281,              0.4262,             0.01346,           0.0044061,            0.015779,            0.007558,            0.007558,            0.007558
                  39,            0.030434,            0.013185,            0.029472,             0.61823,             0.77895,             0.74456,             0.47382,            0.014802,            0.004196,             0.01493,            0.007492,            0.007492,            0.007492
                  40,             0.03311,            0.013248,            0.032005,             0.60197,              0.7524,              0.7386,             0.48857,            0.014921,           0.0040679,            0.014928,            0.007426,            0.007426,            0.007426
                  41,             0.02616,            0.014921,            0.028281,             0.52226,             0.75443,              0.6994,             0.43784,              0.0184,           0.0039606,            0.014328,             0.00736,             0.00736,             0.00736
                  42,            0.029789,            0.012581,            0.026252,             0.66848,              0.7264,             0.76748,             0.56068,            0.012929,            0.003977,            0.014168,            0.007294,            0.007294,            0.007294
                  43,            0.030087,            0.013796,            0.028916,              0.6364,              0.7157,             0.77877,             0.52792,              0.0115,           0.0038529,            0.014207,            0.007228,            0.007228,            0.007228
                  44,            0.025621,            0.012197,            0.021882,             0.54735,             0.72458,             0.70046,             0.40386,            0.019974,           0.0038343,            0.013683,            0.007162,            0.007162,            0.007162
                  45,             0.02502,            0.013458,              0.0228,             0.66644,              0.8176,             0.81908,             0.54852,            0.014087,            0.004037,            0.012861,            0.007096,            0.007096,            0.007096
                  46,            0.024303,            0.011953,            0.021875,             0.66052,             0.78167,             0.81718,             0.52145,            0.010819,           0.0040122,            0.012678,             0.00703,             0.00703,             0.00703
                  47,            0.029205,            0.014021,             0.02786,             0.69674,             0.73878,             0.79577,              0.4224,            0.017017,           0.0037722,            0.011952,            0.006964,            0.006964,            0.006964
                  48,            0.026539,              0.0123,             0.01947,             0.74528,             0.76597,             0.82784,             0.57887,            0.013128,           0.0037627,            0.011646,            0.006898,            0.006898,            0.006898
                  49,            0.030916,              0.0134,            0.026089,             0.70692,             0.76851,             0.80487,             0.53995,            0.011933,           0.0041341,            0.011506,            0.006832,            0.006832,            0.006832
                  50,            0.023031,            0.013371,              0.0199,             0.54562,             0.77135,             0.70424,              0.4544,            0.014443,           0.0037499,             0.01127,            0.006766,            0.006766,            0.006766
                  51,            0.022152,            0.012231,            0.020025,             0.61571,             0.77616,              0.7625,             0.46957,            0.014778,           0.0037484,            0.010451,              0.0067,              0.0067,              0.0067
                  52,            0.025122,            0.013317,            0.023598,             0.68936,             0.84201,             0.83126,             0.59977,            0.010774,           0.0037801,            0.010233,            0.006634,            0.006634,            0.006634
                  53,            0.021094,            0.011797,            0.019543,             0.71733,             0.83943,             0.82848,             0.52925,            0.014143,           0.0041391,            0.010394,            0.006568,            0.006568,            0.006568
                  54,             0.03002,            0.012795,            0.028901,             0.68415,             0.90769,             0.83427,             0.55273,            0.010469,           0.0040523,           0.0096851,            0.006502,            0.006502,            0.006502
                  55,            0.025904,            0.011406,            0.025528,             0.63667,             0.88345,              0.7866,             0.55973,            0.015397,           0.0040218,           0.0090935,            0.006436,            0.006436,            0.006436
                  56,            0.023669,            0.012642,            0.018208,             0.72335,             0.88696,             0.85129,             0.48044,            0.013538,           0.0038642,           0.0085831,             0.00637,             0.00637,             0.00637
                  57,            0.022102,            0.012502,            0.018324,             0.73919,             0.88218,              0.8911,              0.6665,           0.0094516,           0.0037497,           0.0084515,            0.006304,            0.006304,            0.006304
                  58,            0.022212,            0.011494,            0.020558,             0.59407,             0.84019,             0.77543,             0.51393,            0.015983,           0.0037821,           0.0084389,            0.006238,            0.006238,            0.006238
                  59,            0.021564,            0.011974,            0.018352,             0.77701,             0.75287,             0.85184,              0.5949,            0.013052,            0.003809,           0.0090317,            0.006172,            0.006172,            0.006172
                  60,            0.022936,            0.013122,            0.017054,             0.79133,             0.74322,             0.84296,             0.61567,            0.011793,           0.0037953,           0.0093224,            0.006106,            0.006106,            0.006106
                  61,            0.025939,             0.01184,            0.017938,             0.75677,              0.7131,             0.84263,             0.58423,            0.012216,           0.0037428,            0.009153,             0.00604,             0.00604,             0.00604
                  62,            0.021873,            0.012574,            0.016462,             0.53847,             0.73019,             0.71525,             0.42726,            0.015051,           0.0036667,           0.0086483,            0.005974,            0.005974,            0.005974
                  63,            0.022614,            0.011623,            0.018968,             0.62252,             0.71376,             0.71547,             0.48778,            0.017057,           0.0034874,           0.0079548,            0.005908,            0.005908,            0.005908
                  64,            0.030319,             0.01233,            0.026758,             0.65815,             0.72954,             0.79143,             0.58543,            0.014038,           0.0038303,           0.0084251,            0.005842,            0.005842,            0.005842
                  65,            0.030816,            0.012727,            0.024347,             0.68282,             0.84175,             0.83885,             0.61085,            0.011162,           0.0042147,           0.0088566,            0.005776,            0.005776,            0.005776
                  66,            0.020852,            0.012568,            0.020733,             0.72889,              0.8681,             0.85261,             0.62312,            0.010083,           0.0042517,           0.0086632,             0.00571,             0.00571,             0.00571
                  67,            0.021118,            0.013033,            0.015246,              0.7653,             0.84665,             0.86006,              0.5886,            0.010037,           0.0041527,           0.0083748,            0.005644,            0.005644,            0.005644
                  68,            0.025557,            0.012897,            0.023775,             0.72099,             0.82982,             0.85022,             0.59615,            0.012126,           0.0041219,           0.0082638,            0.005578,            0.005578,            0.005578
                  69,            0.020893,            0.012619,            0.015774,              0.7677,             0.93011,             0.91094,             0.63012,            0.011198,           0.0035162,           0.0071663,            0.005512,            0.005512,            0.005512
                  70,            0.020378,            0.011725,            0.014689,             0.77343,             0.93805,             0.91248,             0.69492,             0.01107,           0.0033357,           0.0068859,            0.005446,            0.005446,            0.005446
                  71,            0.024559,            0.011562,            0.018183,             0.83108,             0.92147,             0.93719,             0.69029,            0.010251,           0.0031932,           0.0068939,             0.00538,             0.00538,             0.00538
                  72,            0.024723,            0.012037,            0.014218,             0.84993,             0.92661,             0.94316,             0.70923,           0.0083794,           0.0031952,           0.0064007,            0.005314,            0.005314,            0.005314
                  73,            0.019937,            0.012401,            0.017612,             0.86347,             0.90658,             0.94144,             0.66267,            0.010742,           0.0032206,           0.0063171,            0.005248,            0.005248,            0.005248
                  74,            0.024787,            0.013057,            0.017995,             0.88377,             0.91776,             0.93792,             0.71059,            0.012192,           0.0032395,            0.006094,            0.005182,            0.005182,            0.005182
                  75,            0.028467,            0.010801,             0.01497,             0.86802,             0.92207,              0.9398,             0.67699,             0.01081,           0.0031912,           0.0059715,            0.005116,            0.005116,            0.005116
                  76,            0.019908,            0.012298,            0.014013,             0.87004,             0.92323,             0.94162,             0.71987,           0.0097716,             0.00315,           0.0058233,             0.00505,             0.00505,             0.00505
                  77,            0.022099,            0.011498,            0.014917,             0.81984,             0.92682,             0.92126,             0.63402,             0.01009,           0.0032138,           0.0055172,            0.004984,            0.004984,            0.004984
                  78,            0.023006,            0.011234,             0.01876,             0.84082,             0.92296,              0.9312,             0.70817,            0.011847,             0.00323,            0.005468,            0.004918,            0.004918,            0.004918
                  79,            0.021986,            0.012106,            0.016373,             0.85353,             0.96995,             0.95677,             0.68344,           0.0098346,           0.0032863,           0.0052643,            0.004852,            0.004852,            0.004852
                  80,            0.020078,            0.011425,            0.013034,             0.83858,              0.9618,             0.94627,             0.70975,             0.01063,            0.003179,           0.0051149,            0.004786,            0.004786,            0.004786
                  81,            0.023899,            0.011075,            0.018289,             0.88927,             0.91731,             0.95977,             0.72101,            0.010051,           0.0030292,           0.0048283,             0.00472,             0.00472,             0.00472
                  82,            0.021141,            0.011318,            0.015166,              0.8465,             0.91162,             0.92778,             0.67558,            0.013799,           0.0030855,           0.0047836,            0.004654,            0.004654,            0.004654
                  83,            0.019779,            0.010345,            0.012638,             0.89247,             0.93434,             0.95818,             0.69205,           0.0098211,           0.0031023,           0.0043922,            0.004588,            0.004588,            0.004588
                  84,            0.019621,            0.011518,            0.012114,             0.90515,             0.93057,             0.95898,             0.72544,           0.0088107,            0.003114,           0.0043247,            0.004522,            0.004522,            0.004522
                  85,            0.025912,            0.011249,            0.016484,             0.90906,             0.91661,             0.95976,             0.74945,           0.0084246,           0.0032719,           0.0041754,            0.004456,            0.004456,            0.004456
                  86,            0.024342,            0.010887,            0.013155,             0.90832,             0.91574,             0.95957,              0.6658,            0.014736,           0.0033688,           0.0041559,             0.00439,             0.00439,             0.00439
                  87,            0.020411,            0.011243,            0.011051,               0.861,             0.91141,             0.94724,              0.6626,            0.011668,           0.0033561,            0.003968,            0.004324,            0.004324,            0.004324
                  88,            0.020399,             0.01145,            0.015491,             0.93602,             0.90499,             0.97056,             0.73724,           0.0099026,           0.0033573,           0.0039611,            0.004258,            0.004258,            0.004258
                  89,            0.021978,            0.011337,            0.016426,             0.95326,             0.91096,             0.97441,             0.78456,           0.0070952,           0.0032785,            0.003717,            0.004192,            0.004192,            0.004192
                  90,            0.019871,            0.011304,            0.013517,               0.959,             0.90865,             0.97731,             0.74848,            0.010259,            0.003255,           0.0036544,            0.004126,            0.004126,            0.004126
                  91,            0.019154,             0.01075,             0.01071,             0.91338,             0.91956,             0.97753,             0.74638,            0.011728,           0.0031477,           0.0034049,             0.00406,             0.00406,             0.00406
                  92,            0.025607,            0.011416,            0.011301,             0.92924,             0.95084,              0.9762,             0.74012,           0.0082592,           0.0031127,           0.0032742,            0.003994,            0.003994,            0.003994
                  93,            0.019227,            0.010878,            0.014256,             0.96076,             0.96337,              0.9838,              0.7625,            0.010585,           0.0031098,           0.0030358,            0.003928,            0.003928,            0.003928
                  94,            0.023978,            0.011308,            0.014865,             0.96373,             0.96202,             0.98336,             0.77286,           0.0085387,           0.0030577,           0.0030255,            0.003862,            0.003862,            0.003862
                  95,            0.016711,            0.010998,            0.010405,              0.9752,             0.97253,             0.98439,             0.74259,           0.0091245,           0.0030666,            0.002837,            0.003796,            0.003796,            0.003796
                  96,            0.026439,            0.011402,             0.01219,             0.96962,             0.97705,             0.98543,             0.76079,           0.0096906,            0.003081,           0.0027457,             0.00373,             0.00373,             0.00373
                  97,            0.021085,            0.011579,            0.018466,             0.96062,             0.98365,             0.98347,              0.8152,           0.0069828,           0.0029999,           0.0026341,            0.003664,            0.003664,            0.003664
                  98,            0.017132,            0.011117,            0.010349,             0.95091,              0.9786,             0.98234,             0.76822,           0.0099663,           0.0029687,           0.0025137,            0.003598,            0.003598,            0.003598
                  99,            0.018528,            0.011775,            0.010835,             0.96414,              0.9899,             0.98548,             0.74827,            0.009062,             0.00295,           0.0023609,            0.003532,            0.003532,            0.003532
                 100,            0.019985,            0.010588,            0.011495,             0.96726,             0.98979,             0.98548,             0.78385,           0.0096485,            0.002924,           0.0023512,            0.003466,            0.003466,            0.003466
                 101,            0.021622,            0.011349,            0.014606,             0.95873,             0.97399,             0.99245,             0.76793,             0.01032,           0.0029684,           0.0023558,              0.0034,              0.0034,              0.0034
                 102,             0.01942,            0.011211,             0.01471,             0.96752,             0.96959,             0.98446,             0.78975,           0.0076209,           0.0029721,           0.0023191,            0.003334,            0.003334,            0.003334
                 103,            0.019049,            0.010436,            0.011162,             0.97064,             0.97022,             0.98444,             0.80146,           0.0078342,           0.0029768,           0.0021652,            0.003268,            0.003268,            0.003268
                 104,            0.016529,            0.010205,            0.010992,             0.97258,             0.97697,             0.98546,              0.7456,            0.009089,           0.0030081,           0.0020615,            0.003202,            0.003202,            0.003202
                 105,            0.022846,            0.010767,            0.011848,             0.97341,             0.98024,             0.98546,             0.68619,            0.011489,           0.0030253,           0.0018751,            0.003136,            0.003136,            0.003136
                 106,            0.017244,            0.011046,            0.007032,             0.97849,             0.98019,             0.98543,             0.80508,           0.0073655,           0.0029248,            0.001821,             0.00307,             0.00307,             0.00307
                 107,             0.01769,           0.0096173,           0.0095383,             0.97292,             0.98646,             0.98543,             0.80732,           0.0070027,            0.002942,           0.0017661,            0.003004,            0.003004,            0.003004
                 108,            0.016352,            0.010505,            0.010144,             0.97295,             0.98689,             0.98611,             0.79141,           0.0092124,           0.0029287,           0.0017414,            0.002938,            0.002938,            0.002938
                 109,            0.017937,            0.011191,             0.01221,             0.97259,              0.9899,             0.98444,              0.7943,           0.0082587,           0.0028796,           0.0016723,            0.002872,            0.002872,            0.002872
                 110,            0.020039,            0.011268,            0.013593,             0.96908,              0.9899,             0.98443,             0.82626,           0.0088755,           0.0028313,           0.0016801,            0.002806,            0.002806,            0.002806
                 111,             0.01608,            0.011111,           0.0099592,             0.96732,             0.98817,             0.98038,             0.82258,           0.0080239,           0.0027868,           0.0018075,             0.00274,             0.00274,             0.00274
                 112,            0.016094,            0.010201,           0.0089222,              0.9701,             0.98416,             0.98352,             0.78251,           0.0088961,            0.002776,           0.0017315,            0.002674,            0.002674,            0.002674
                 113,            0.015695,           0.0091196,           0.0084918,             0.96698,              0.9829,             0.98661,             0.82037,           0.0096356,           0.0026732,           0.0016118,            0.002608,            0.002608,            0.002608
                 114,            0.022611,            0.012408,            0.013959,             0.97244,             0.97442,             0.98661,             0.83362,           0.0082413,           0.0026178,           0.0015917,            0.002542,            0.002542,            0.002542
                 115,            0.020053,            0.011293,             0.01248,             0.96924,             0.97474,             0.98762,             0.80542,           0.0082957,           0.0026098,           0.0015617,            0.002476,            0.002476,            0.002476
                 116,            0.026061,           0.0096815,            0.015012,             0.96264,             0.97807,             0.98756,             0.81969,           0.0066227,            0.002595,           0.0015339,             0.00241,             0.00241,             0.00241
                 117,            0.015973,            0.010569,           0.0082309,             0.97147,             0.97218,              0.9845,             0.78609,           0.0079161,            0.002699,           0.0014693,            0.002344,            0.002344,            0.002344
                 118,            0.017195,            0.011273,             0.01047,             0.97031,             0.97401,             0.98551,             0.82502,           0.0069003,           0.0026667,           0.0014305,            0.002278,            0.002278,            0.002278
                 119,            0.017897,            0.011038,            0.012138,             0.98179,             0.96697,             0.98553,             0.82376,           0.0069874,           0.0026506,           0.0013321,            0.002212,            0.002212,            0.002212
                 120,            0.021664,            0.010904,            0.014472,             0.98448,             0.96538,             0.98553,             0.84167,           0.0074091,           0.0025749,           0.0013061,            0.002146,            0.002146,            0.002146
                 121,            0.017083,            0.010472,            0.010511,             0.98361,             0.96859,             0.98551,             0.83879,           0.0065685,           0.0025313,           0.0012454,             0.00208,             0.00208,             0.00208
                 122,            0.014204,           0.0098596,           0.0069412,             0.98384,               0.975,             0.98552,             0.84241,           0.0073504,           0.0025522,           0.0011915,            0.002014,            0.002014,            0.002014
                 123,            0.017356,            0.011253,            0.010374,             0.97836,             0.98241,             0.98552,             0.82972,           0.0073147,           0.0025257,           0.0011349,            0.001948,            0.001948,            0.001948
                 124,            0.018175,           0.0097835,            0.010459,             0.98312,             0.98021,             0.98553,              0.8375,           0.0064679,           0.0024956,           0.0011035,            0.001882,            0.001882,            0.001882
                 125,            0.014152,            0.011239,            0.006855,             0.98114,              0.9899,             0.98555,             0.84601,           0.0063574,           0.0025088,           0.0010832,            0.001816,            0.001816,            0.001816
                 126,            0.018436,            0.010333,           0.0075066,             0.98091,              0.9899,             0.98555,             0.82489,           0.0067059,           0.0025201,           0.0010775,             0.00175,             0.00175,             0.00175
                 127,            0.018266,            0.009486,            0.012259,             0.98614,              0.9899,             0.98553,              0.8486,           0.0060884,           0.0025162,           0.0010576,            0.001684,            0.001684,            0.001684
                 128,            0.014305,             0.01075,           0.0065062,             0.98789,              0.9899,             0.98554,              0.8288,           0.0072905,           0.0025173,           0.0010536,            0.001618,            0.001618,            0.001618
                 129,             0.01439,            0.010022,           0.0065172,             0.98926,              0.9899,             0.98556,             0.85261,           0.0059626,           0.0024448,           0.0010475,            0.001552,            0.001552,            0.001552
                 130,            0.021384,            0.010636,            0.010867,             0.98857,              0.9899,             0.98556,             0.85675,           0.0056671,           0.0024088,           0.0010511,            0.001486,            0.001486,            0.001486
                 131,            0.013886,            0.010047,           0.0059531,             0.98747,             0.98973,             0.98557,             0.84773,           0.0063101,           0.0024106,           0.0010355,             0.00142,             0.00142,             0.00142
                 132,             0.01696,           0.0095906,           0.0084319,             0.98754,             0.98833,             0.98557,             0.87222,           0.0052024,           0.0023677,            0.001035,            0.001354,            0.001354,            0.001354
                 133,            0.017332,            0.010233,            0.011031,             0.98782,               0.988,             0.98556,             0.85972,           0.0050397,           0.0023701,           0.0010276,            0.001288,            0.001288,            0.001288
                 134,            0.016975,           0.0094216,            0.011556,             0.98797,              0.9882,             0.98556,             0.87114,            0.005034,           0.0023736,           0.0010149,            0.001222,            0.001222,            0.001222
                 135,            0.012836,           0.0094778,           0.0066373,             0.98891,             0.98871,             0.98556,              0.8588,           0.0055557,           0.0023933,            0.001014,            0.001156,            0.001156,            0.001156
                 136,            0.015241,            0.009855,           0.0099572,             0.98944,             0.98949,             0.98556,             0.84672,           0.0055624,            0.002409,           0.0010156,             0.00109,             0.00109,             0.00109
                 137,            0.017802,           0.0099083,            0.010877,             0.98963,              0.9899,              0.9855,             0.84618,           0.0050485,           0.0024486,           0.0010225,            0.001024,            0.001024,            0.001024
                 138,            0.020194,           0.0098737,            0.012647,             0.98997,              0.9899,             0.98547,             0.85409,           0.0050887,           0.0024636,           0.0010168,            0.000958,            0.000958,            0.000958
                 139,            0.019497,            0.010113,            0.013598,              0.9904,              0.9899,             0.98548,             0.85884,           0.0047921,           0.0024578,          0.00099771,            0.000892,            0.000892,            0.000892
                 140,             0.01287,           0.0098381,           0.0059315,              0.9909,             0.98955,             0.98547,             0.84101,              0.0056,           0.0024611,          0.00097811,            0.000826,            0.000826,            0.000826
                 141,            0.015427,           0.0097229,           0.0088636,             0.99013,             0.98743,             0.98548,             0.87295,           0.0053519,           0.0024128,           0.0009618,             0.00076,             0.00076,             0.00076
                 142,            0.013353,           0.0099183,            0.008356,             0.98951,             0.98658,             0.98547,             0.86429,           0.0049225,           0.0023933,          0.00095894,            0.000694,            0.000694,            0.000694
                 143,            0.012326,           0.0089016,           0.0046062,             0.98895,             0.98567,             0.98549,             0.87184,           0.0048081,           0.0023584,          0.00094135,            0.000628,            0.000628,            0.000628
                 144,            0.016246,           0.0090139,           0.0096649,              0.9891,             0.98601,             0.98556,             0.87032,            0.004716,           0.0023372,          0.00093477,            0.000562,            0.000562,            0.000562
                 145,            0.012908,            0.010236,           0.0056648,             0.98958,             0.98649,             0.98556,             0.87977,            0.005012,           0.0023198,          0.00092046,            0.000496,            0.000496,            0.000496
                 146,            0.015038,           0.0099013,            0.010238,             0.99007,             0.98728,             0.98555,             0.88206,           0.0048811,           0.0023207,          0.00090516,             0.00043,             0.00043,             0.00043
                 147,            0.017678,            0.010509,            0.010431,             0.99047,              0.9865,             0.98553,              0.8761,           0.0048155,           0.0023121,          0.00089014,            0.000364,            0.000364,            0.000364
                 148,            0.015432,            0.010047,           0.0081981,             0.99091,             0.98653,             0.98553,             0.87144,           0.0048279,           0.0023115,          0.00088856,            0.000298,            0.000298,            0.000298
                 149,            0.019125,           0.0096331,            0.013073,             0.99133,             0.98707,             0.98553,             0.88115,           0.0047606,           0.0023001,          0.00087926,            0.000232,            0.000232,            0.000232
